areaType,areaName,areaCode,dateyear,dailytotalvaccinationgiven,newPeopleVaccinatedFirstDose,newPeopleVaccinatedSecondDose,newPeopleVaccinatedThirdInjection
nation,England,E92000001,26/11/2021,362002,19098,21923,320981
nation,England,E92000001,25/11/2021,375041,20677,19615,334749
nation,England,E92000001,24/11/2021,357129,21775,20048,315306
nation,England,E92000001,23/11/2021,343041,23445,18562,301034
nation,England,E92000001,22/11/2021,286231,20665,15567,249999
nation,England,E92000001,21/11/2021,214444,14066,11240,189138
nation,England,E92000001,20/11/2021,457627,23350,21592,412685
nation,England,E92000001,19/11/2021,348606,24413,18723,305470
nation,England,E92000001,18/11/2021,359666,24034,17429,318203
nation,England,E92000001,17/11/2021,360981,28332,18511,314138
nation,England,E92000001,16/11/2021,326963,27258,16897,282808
nation,England,E92000001,15/11/2021,275445,27672,15525,232248
nation,England,E92000001,14/11/2021,206979,18296,11959,176724
nation,England,E92000001,13/11/2021,464854,30618,22806,411430
nation,England,E92000001,12/11/2021,350475,31649,19229,299597
nation,England,E92000001,11/11/2021,359339,34640,19560,305139
nation,England,E92000001,10/11/2021,625460,115551,43996,465913
nation,England,E92000001,09/11/2021,333292,36321,18208,278763
nation,England,E92000001,08/11/2021,270273,30386,17398,222489
nation,England,E92000001,07/11/2021,200591,22430,11202,166959
nation,England,E92000001,06/11/2021,427929,33721,22869,371339
nation,England,E92000001,05/11/2021,326080,40573,19037,266470
nation,England,E92000001,04/11/2021,331685,40075,17167,274443
nation,England,E92000001,03/11/2021,327559,42413,17374,267772
nation,England,E92000001,02/11/2021,307581,43508,17807,246266
nation,England,E92000001,01/11/2021,247105,34642,15751,196712
nation,England,E92000001,31/10/2021,165679,22954,11464,131261
nation,England,E92000001,30/10/2021,384081,31157,22479,330445
nation,England,E92000001,29/10/2021,293878,36561,19175,238142
nation,England,E92000001,28/10/2021,306978,39397,19586,247995
nation,England,E92000001,27/10/2021,295284,39964,18740,236580
nation,England,E92000001,26/10/2021,272675,35780,19499,217396
nation,England,E92000001,25/10/2021,238695,32032,18251,188412
nation,England,E92000001,24/10/2021,171833,19607,14138,138088
nation,England,E92000001,23/10/2021,384887,32220,27527,325140
nation,England,E92000001,22/10/2021,312338,41732,22423,248183
nation,England,E92000001,21/10/2021,321991,44558,22027,255406
nation,England,E92000001,20/10/2021,290038,44521,21701,223816
nation,England,E92000001,19/10/2021,258682,38533,21141,199008
nation,England,E92000001,18/10/2021,206298,35334,20668,150296
nation,England,E92000001,17/10/2021,123692,9839,14545,99308
nation,England,E92000001,16/10/2021,335905,19735,30440,285730
nation,England,E92000001,15/10/2021,259349,35884,25380,198085
nation,England,E92000001,14/10/2021,275961,38185,23489,214287
nation,England,E92000001,13/10/2021,247841,32315,24828,190698
nation,England,E92000001,12/10/2021,213093,30636,22447,160010
nation,England,E92000001,11/10/2021,165300,23232,20350,121718
nation,England,E92000001,10/10/2021,116632,9111,15643,91878
nation,England,E92000001,09/10/2021,298267,18438,29751,250078
nation,England,E92000001,08/10/2021,223187,25536,25006,172645
nation,England,E92000001,07/10/2021,225581,25319,24208,176054
nation,England,E92000001,06/10/2021,209041,24519,24135,160387
nation,England,E92000001,05/10/2021,213589,35193,24253,154143
nation,England,E92000001,04/10/2021,177888,30784,24746,122358
nation,England,E92000001,03/10/2021,116455,10720,17502,88233
nation,England,E92000001,02/10/2021,243344,18736,30849,193759
nation,England,E92000001,01/10/2021,215131,31978,29993,153160
nation,England,E92000001,30/09/2021,59007,28689,30318,
nation,England,E92000001,29/09/2021,57352,27445,29907,
nation,England,E92000001,28/09/2021,58236,28566,29670,
nation,England,E92000001,27/09/2021,49294,20704,28590,
nation,England,E92000001,26/09/2021,30290,8814,21476,
nation,England,E92000001,25/09/2021,60656,17607,43049,
nation,England,E92000001,24/09/2021,61433,21866,39567,
nation,England,E92000001,23/09/2021,63316,21588,41728,
nation,England,E92000001,22/09/2021,58138,18462,39676,
nation,England,E92000001,21/09/2021,56172,16924,39248,
nation,England,E92000001,20/09/2021,57107,15669,41438,
nation,England,E92000001,19/09/2021,40802,10344,30458,
nation,England,E92000001,18/09/2021,87762,21628,66134,
nation,England,E92000001,17/09/2021,72608,17351,55257,
nation,England,E92000001,16/09/2021,77915,18974,58941,
nation,England,E92000001,15/09/2021,77216,20120,57096,
nation,England,E92000001,14/09/2021,74229,17708,56521,
nation,England,E92000001,13/09/2021,70318,15511,54807,
nation,England,E92000001,12/09/2021,54626,11724,42902,
nation,England,E92000001,11/09/2021,109993,23925,86068,
nation,England,E92000001,10/09/2021,100642,21879,78763,
nation,England,E92000001,09/09/2021,108598,22006,86592,
nation,England,E92000001,08/09/2021,95957,20409,75548,
nation,England,E92000001,07/09/2021,95870,22866,73004,
nation,England,E92000001,06/09/2021,88035,18277,69758,
nation,England,E92000001,05/09/2021,75157,15892,59265,
nation,England,E92000001,04/09/2021,150314,33987,116327,
nation,England,E92000001,03/09/2021,127736,29614,98122,
nation,England,E92000001,02/09/2021,137772,33775,103997,
nation,England,E92000001,01/09/2021,139915,37829,102086,
nation,England,E92000001,31/08/2021,139621,34618,105003,
nation,England,E92000001,30/08/2021,67667,15530,52137,
nation,England,E92000001,29/08/2021,85257,20547,64710,
nation,England,E92000001,28/08/2021,154574,37991,116583,
nation,England,E92000001,27/08/2021,153641,38392,115249,
nation,England,E92000001,26/08/2021,173432,46165,127267,
nation,England,E92000001,25/08/2021,199870,57563,142307,
nation,England,E92000001,24/08/2021,155166,45945,109221,
nation,England,E92000001,23/08/2021,150979,37974,113005,
nation,England,E92000001,22/08/2021,128670,32424,96246,
nation,England,E92000001,21/08/2021,235225,61187,174038,
nation,England,E92000001,20/08/2021,197011,51538,145473,
nation,England,E92000001,19/08/2021,201518,47632,153886,
nation,England,E92000001,18/08/2021,187290,39721,147569,
nation,England,E92000001,17/08/2021,154386,33478,120908,
nation,England,E92000001,16/08/2021,146990,28992,117998,
nation,England,E92000001,15/08/2021,126710,24829,101881,
nation,England,E92000001,14/08/2021,213141,39423,173718,
nation,England,E92000001,13/08/2021,176166,32476,143690,
nation,England,E92000001,12/08/2021,200507,35082,165425,
nation,England,E92000001,11/08/2021,179118,33164,145954,
nation,England,E92000001,10/08/2021,152035,28314,123721,
nation,England,E92000001,09/08/2021,133219,20933,112286,
nation,England,E92000001,08/08/2021,112939,18607,94332,
nation,England,E92000001,07/08/2021,218028,33159,184869,
nation,England,E92000001,06/08/2021,164204,27032,137172,
nation,England,E92000001,05/08/2021,174409,30986,143423,
nation,England,E92000001,04/08/2021,160361,28780,131581,
nation,England,E92000001,03/08/2021,133478,24874,108604,
nation,England,E92000001,02/08/2021,116879,22454,94425,
nation,England,E92000001,01/08/2021,110961,18545,92416,
nation,England,E92000001,31/07/2021,215717,32892,182825,
nation,England,E92000001,30/07/2021,173398,30683,142715,
nation,England,E92000001,29/07/2021,181223,35751,145472,
nation,England,E92000001,28/07/2021,163540,32492,131048,
nation,England,E92000001,27/07/2021,147510,29182,118328,
nation,England,E92000001,26/07/2021,141144,25220,115924,
nation,England,E92000001,25/07/2021,114817,20382,94435,
nation,England,E92000001,24/07/2021,216843,38958,177885,
nation,England,E92000001,23/07/2021,192649,37888,154761,
nation,England,E92000001,22/07/2021,195702,39457,156245,
nation,England,E92000001,21/07/2021,185107,38826,146281,
nation,England,E92000001,20/07/2021,159820,33657,126163,
nation,England,E92000001,19/07/2021,144013,31469,112544,
nation,England,E92000001,18/07/2021,133126,27654,105472,
nation,England,E92000001,17/07/2021,255690,59268,196422,
nation,England,E92000001,16/07/2021,214183,50247,163936,
nation,England,E92000001,15/07/2021,219645,52493,167152,
nation,England,E92000001,14/07/2021,201340,50005,151335,
nation,England,E92000001,13/07/2021,174661,49756,124905,
nation,England,E92000001,12/07/2021,145001,45184,99817,
nation,England,E92000001,11/07/2021,114692,33937,80755,
nation,England,E92000001,10/07/2021,256895,82150,174745,
nation,England,E92000001,09/07/2021,221558,77955,143603,
nation,England,E92000001,08/07/2021,218264,82807,135457,
nation,England,E92000001,07/07/2021,201040,72814,128226,
nation,England,E92000001,06/07/2021,180672,71524,109148,
nation,England,E92000001,05/07/2021,171836,63859,107977,
nation,England,E92000001,04/07/2021,148420,62672,85748,
nation,England,E92000001,03/07/2021,287253,121588,165665,
nation,England,E92000001,02/07/2021,250234,107959,142275,
nation,England,E92000001,01/07/2021,287852,133675,154177,
nation,England,E92000001,30/06/2021,259490,120497,138993,
nation,England,E92000001,29/06/2021,230860,115376,115484,
nation,England,E92000001,28/06/2021,213814,106496,107318,
nation,England,E92000001,27/06/2021,216359,118366,97993,
nation,England,E92000001,26/06/2021,385009,212685,172324,
nation,England,E92000001,25/06/2021,310890,177515,133375,
nation,England,E92000001,24/06/2021,339069,202390,136679,
nation,England,E92000001,23/06/2021,316201,187513,128688,
nation,England,E92000001,22/06/2021,486377,275647,210730,
nation,England,E92000001,21/06/2021,0,0,0,
nation,England,E92000001,20/06/2021,220817,142223,78594,
nation,England,E92000001,19/06/2021,451039,255393,195646,
nation,England,E92000001,18/06/2021,358276,196246,162030,
nation,England,E92000001,17/06/2021,393315,217157,176158,
nation,England,E92000001,16/06/2021,350994,170367,180627,
nation,England,E92000001,15/06/2021,330350,154647,175703,
nation,England,E92000001,14/06/2021,288868,114606,174262,
nation,England,E92000001,13/06/2021,277315,123866,153449,
nation,England,E92000001,12/06/2021,504957,228144,276813,
nation,England,E92000001,11/06/2021,428780,177139,251641,
nation,England,E92000001,10/06/2021,422093,173443,248650,
nation,England,E92000001,09/06/2021,403646,149733,253913,
nation,England,E92000001,08/06/2021,361765,109068,252697,
nation,England,E92000001,07/06/2021,333746,89639,244107,
nation,England,E92000001,06/06/2021,317112,99621,217491,
nation,England,E92000001,05/06/2021,590645,175001,415644,
nation,England,E92000001,04/06/2021,471939,150337,321602,
nation,England,E92000001,03/06/2021,470861,157335,313526,
nation,England,E92000001,02/06/2021,421631,132668,288963,
nation,England,E92000001,01/06/2021,354986,75701,279285,
nation,England,E92000001,31/05/2021,225622,70948,154674,
nation,England,E92000001,30/05/2021,278637,99213,179424,
nation,England,E92000001,29/05/2021,537283,155467,381816,
nation,England,E92000001,28/05/2021,555477,174622,380855,
nation,England,E92000001,27/05/2021,597552,223510,374042,
nation,England,E92000001,26/05/2021,574865,206311,368554,
nation,England,E92000001,25/05/2021,484551,157084,327467,
nation,England,E92000001,24/05/2021,375156,95484,279672,
nation,England,E92000001,23/05/2021,321770,101708,220062,
nation,England,E92000001,22/05/2021,686264,178251,508013,
nation,England,E92000001,21/05/2021,563468,192008,371460,
nation,England,E92000001,20/05/2021,601960,234818,367142,
nation,England,E92000001,19/05/2021,544999,235979,309020,
nation,England,E92000001,18/05/2021,423904,154621,269283,
nation,England,E92000001,17/05/2021,296388,85946,210442,
nation,England,E92000001,16/05/2021,263207,105520,157687,
nation,England,E92000001,15/05/2021,559726,205962,353764,
nation,England,E92000001,14/05/2021,531484,185059,346425,
nation,England,E92000001,13/05/2021,552470,173820,378650,
nation,England,E92000001,12/05/2021,549458,146934,402524,
nation,England,E92000001,11/05/2021,407430,98515,308915,
nation,England,E92000001,10/05/2021,268833,76110,192723,
nation,England,E92000001,09/05/2021,233651,73338,160313,
nation,England,E92000001,08/05/2021,541513,137003,404510,
nation,England,E92000001,07/05/2021,522249,107518,414731,
nation,England,E92000001,06/05/2021,520826,101594,419232,
nation,England,E92000001,05/05/2021,456344,107791,348553,
nation,England,E92000001,04/05/2021,310900,99261,211639,
nation,England,E92000001,03/05/2021,158898,59113,99785,
nation,England,E92000001,02/05/2021,208177,70777,137400,
nation,England,E92000001,01/05/2021,452789,123619,329170,
nation,England,E92000001,30/04/2021,477124,115366,361758,
nation,England,E92000001,29/04/2021,506019,110976,395043,
nation,England,E92000001,28/04/2021,497504,103352,394152,
nation,England,E92000001,27/04/2021,398683,85067,313616,
nation,England,E92000001,26/04/2021,317251,67483,249768,
nation,England,E92000001,25/04/2021,288745,61586,227159,
nation,England,E92000001,24/04/2021,602866,124858,478008,
nation,England,E92000001,23/04/2021,501800,107656,394144,
nation,England,E92000001,22/04/2021,449663,103988,345675,
nation,England,E92000001,21/04/2021,432476,92703,339773,
nation,England,E92000001,20/04/2021,357800,84871,272929,
nation,England,E92000001,19/04/2021,300720,85055,215665,
nation,England,E92000001,18/04/2021,265069,69198,195871,
nation,England,E92000001,17/04/2021,570975,112095,458880,
nation,England,E92000001,16/04/2021,548305,102280,446025,
nation,England,E92000001,15/04/2021,456589,93587,363002,
nation,England,E92000001,14/04/2021,371500,79117,292383,
nation,England,E92000001,13/04/2021,297093,39361,257732,
nation,England,E92000001,12/04/2021,191624,25351,166273,
nation,England,E92000001,11/04/2021,197053,36599,160454,
nation,England,E92000001,10/04/2021,511497,74055,437442,
nation,England,E92000001,09/04/2021,466480,62274,404206,
nation,England,E92000001,08/04/2021,458751,55539,403212,
nation,England,E92000001,07/04/2021,431203,58962,372241,
nation,England,E92000001,06/04/2021,216762,54296,162466,
nation,England,E92000001,05/04/2021,73886,19826,54060,
nation,England,E92000001,04/04/2021,66108,26617,39491,
nation,England,E92000001,03/04/2021,232415,74512,157903,
nation,England,E92000001,02/04/2021,284035,68281,215754,
nation,England,E92000001,01/04/2021,534408,122410,411998,
nation,England,E92000001,31/03/2021,529793,188045,341748,
nation,England,E92000001,30/03/2021,409891,176063,233828,
nation,England,E92000001,29/03/2021,323734,186329,137405,
nation,England,E92000001,28/03/2021,379454,252376,127078,
nation,England,E92000001,27/03/2021,568728,367393,201335,
nation,England,E92000001,26/03/2021,594970,344008,250962,
nation,England,E92000001,25/03/2021,456256,258050,198206,
nation,England,E92000001,24/03/2021,483894,275881,208013,
nation,England,E92000001,23/03/2021,403198,268651,134547,
nation,England,E92000001,22/03/2021,346997,282561,64436,
nation,England,E92000001,21/03/2021,325777,295359,30418,
nation,England,E92000001,20/03/2021,756873,686424,70449,
nation,England,E92000001,19/03/2021,636219,535489,100730,
nation,England,E92000001,18/03/2021,556074,451465,104609,
nation,England,E92000001,17/03/2021,483675,392769,90906,
nation,England,E92000001,16/03/2021,433751,370842,62909,
nation,England,E92000001,15/03/2021,362758,330676,32082,
nation,England,E92000001,14/03/2021,237395,223017,14378,
nation,England,E92000001,13/03/2021,496272,457632,38640,
nation,England,E92000001,12/03/2021,380230,312716,67514,
nation,England,E92000001,11/03/2021,281073,211393,69680,
nation,England,E92000001,10/03/2021,277680,206720,70960,
nation,England,E92000001,09/03/2021,228278,181127,47151,
nation,England,E92000001,08/03/2021,207536,183736,23800,
nation,England,E92000001,07/03/2021,149241,140108,9133,
nation,England,E92000001,06/03/2021,405306,383618,21688,
nation,England,E92000001,05/03/2021,422916,385681,37235,
nation,England,E92000001,04/03/2021,365433,320388,45045,
nation,England,E92000001,03/03/2021,275003,231002,44001,
nation,England,E92000001,02/03/2021,208968,181316,27652,
nation,England,E92000001,01/03/2021,173212,160580,12632,
nation,England,E92000001,28/02/2021,170947,161559,9388,
nation,England,E92000001,27/02/2021,386948,371364,15584,
nation,England,E92000001,26/02/2021,469003,452777,16226,
nation,England,E92000001,25/02/2021,448280,432112,16168,
nation,England,E92000001,24/02/2021,411146,396937,14209,
nation,England,E92000001,23/02/2021,294478,284897,9581,
nation,England,E92000001,22/02/2021,160428,155084,5344,
nation,England,E92000001,21/02/2021,116333,113987,2346,
nation,England,E92000001,20/02/2021,308541,306109,2432,
nation,England,E92000001,19/02/2021,327697,323802,3895,
nation,England,E92000001,18/02/2021,400823,396262,4561,
nation,England,E92000001,17/02/2021,427073,422576,4497,
nation,England,E92000001,16/02/2021,315797,312669,3128,
nation,England,E92000001,15/02/2021,221614,219760,1854,
nation,England,E92000001,14/02/2021,188083,187246,837,
nation,England,E92000001,13/02/2021,431683,429497,2186,
nation,England,E92000001,12/02/2021,440658,436925,3733,
nation,England,E92000001,11/02/2021,391380,386734,4646,
nation,England,E92000001,10/02/2021,342947,338855,4092,
nation,England,E92000001,09/02/2021,313827,311654,2173,
nation,England,E92000001,08/02/2021,253688,252269,1419,
nation,England,E92000001,07/02/2021,229826,229514,312,
nation,England,E92000001,06/02/2021,458919,458318,601,
nation,England,E92000001,05/02/2021,403577,401636,1941,
nation,England,E92000001,04/02/2021,391037,388426,2611,
nation,England,E92000001,03/02/2021,381076,378794,2282,
nation,England,E92000001,02/02/2021,301559,300173,1386,
nation,England,E92000001,01/02/2021,282109,280513,1596,
nation,England,E92000001,31/01/2021,292116,289359,2757,
nation,England,E92000001,30/01/2021,549943,539691,10252,
nation,England,E92000001,29/01/2021,437886,436360,1526,
nation,England,E92000001,28/01/2021,344464,343193,1271,
nation,England,E92000001,27/01/2021,252992,251902,1090,
nation,England,E92000001,26/01/2021,260307,259306,1001,
nation,England,E92000001,25/01/2021,236177,234851,1326,
nation,England,E92000001,24/01/2021,199202,198592,610,
nation,England,E92000001,23/01/2021,444104,443330,774,
nation,England,E92000001,22/01/2021,425596,424478,1118,
nation,England,E92000001,21/01/2021,359897,357563,2334,
nation,England,E92000001,20/01/2021,320874,318151,2723,
nation,England,E92000001,19/01/2021,301362,298373,2989,
nation,England,E92000001,18/01/2021,170900,167150,3750,
nation,England,E92000001,17/01/2021,155848,154564,1284,
nation,England,E92000001,16/01/2021,277209,275434,1775,
nation,England,E92000001,15/01/2021,324711,320894,3817,
nation,England,E92000001,14/01/2021,279647,274793,4854,
nation,England,E92000001,13/01/2021,248177,239815,8362,
nation,England,E92000001,12/01/2021,187645,174276,13369,
nation,England,E92000001,11/01/2021,140441,121129,19312,
nation,England,E92000001,10/01/2021,,,,
nation,Northern Ireland,N92000002,26/11/2021,0,0,0,0
nation,Northern Ireland,N92000002,25/11/2021,15725,1420,1286,13019
nation,Northern Ireland,N92000002,24/11/2021,18181,1542,1316,15323
nation,Northern Ireland,N92000002,23/11/2021,19243,1711,1173,16359
nation,Northern Ireland,N92000002,22/11/2021,17006,1350,1144,14512
nation,Northern Ireland,N92000002,21/11/2021,8200,558,740,6902
nation,Northern Ireland,N92000002,20/11/2021,5454,411,434,4609
nation,Northern Ireland,N92000002,19/11/2021,11521,982,702,9837
nation,Northern Ireland,N92000002,18/11/2021,19204,2473,940,15791
nation,Northern Ireland,N92000002,17/11/2021,22077,2760,1227,18090
nation,Northern Ireland,N92000002,16/11/2021,18067,1946,896,15225
nation,Northern Ireland,N92000002,15/11/2021,16663,2233,864,13566
nation,Northern Ireland,N92000002,14/11/2021,6751,1024,537,5190
nation,Northern Ireland,N92000002,13/11/2021,6136,485,297,5354
nation,Northern Ireland,N92000002,12/11/2021,11189,795,666,9728
nation,Northern Ireland,N92000002,11/11/2021,16916,2058,1332,13526
nation,Northern Ireland,N92000002,10/11/2021,17841,1810,1084,14947
nation,Northern Ireland,N92000002,09/11/2021,14938,1790,879,12269
nation,Northern Ireland,N92000002,08/11/2021,12748,1364,1131,10253
nation,Northern Ireland,N92000002,07/11/2021,5891,891,800,4200
nation,Northern Ireland,N92000002,06/11/2021,6721,517,364,5840
nation,Northern Ireland,N92000002,05/11/2021,7912,669,989,6254
nation,Northern Ireland,N92000002,04/11/2021,13020,1894,1247,9879
nation,Northern Ireland,N92000002,03/11/2021,12069,1089,547,10433
nation,Northern Ireland,N92000002,02/11/2021,10283,701,852,8730
nation,Northern Ireland,N92000002,01/11/2021,8974,474,844,7656
nation,Northern Ireland,N92000002,31/10/2021,3864,605,435,2824
nation,Northern Ireland,N92000002,30/10/2021,3433,807,550,2076
nation,Northern Ireland,N92000002,29/10/2021,5407,967,673,3767
nation,Northern Ireland,N92000002,28/10/2021,7545,1753,734,5058
nation,Northern Ireland,N92000002,27/10/2021,9203,1554,863,6786
nation,Northern Ireland,N92000002,26/10/2021,8206,1456,835,5915
nation,Northern Ireland,N92000002,25/10/2021,7295,950,773,5572
nation,Northern Ireland,N92000002,24/10/2021,3760,520,607,2633
nation,Northern Ireland,N92000002,23/10/2021,3582,751,530,2301
nation,Northern Ireland,N92000002,22/10/2021,5117,547,961,3609
nation,Northern Ireland,N92000002,21/10/2021,6691,411,1873,4407
nation,Northern Ireland,N92000002,20/10/2021,5694,365,1315,4014
nation,Northern Ireland,N92000002,19/10/2021,15001,742,8677,5582
nation,Northern Ireland,N92000002,18/10/2021,3550,485,440,2625
nation,Northern Ireland,N92000002,17/10/2021,1753,170,351,1232
nation,Northern Ireland,N92000002,16/10/2021,1439,59,660,720
nation,Northern Ireland,N92000002,15/10/2021,2316,272,702,1342
nation,Northern Ireland,N92000002,14/10/2021,5525,477,1312,3736
nation,Northern Ireland,N92000002,13/10/2021,2842,303,740,1799
nation,Northern Ireland,N92000002,12/10/2021,4793,400,1085,3308
nation,Northern Ireland,N92000002,11/10/2021,3912,232,862,2818
nation,Northern Ireland,N92000002,10/10/2021,2267,80,589,1598
nation,Northern Ireland,N92000002,09/10/2021,1730,55,944,731
nation,Northern Ireland,N92000002,08/10/2021,2575,291,1001,1283
nation,Northern Ireland,N92000002,07/10/2021,3216,388,1253,1575
nation,Northern Ireland,N92000002,06/10/2021,2845,288,847,1710
nation,Northern Ireland,N92000002,05/10/2021,3504,207,1340,1957
nation,Northern Ireland,N92000002,04/10/2021,3262,305,1438,1519
nation,Northern Ireland,N92000002,03/10/2021,2683,170,1228,1285
nation,Northern Ireland,N92000002,02/10/2021,1716,117,897,702
nation,Northern Ireland,N92000002,01/10/2021,1945,297,896,752
nation,Northern Ireland,N92000002,30/09/2021,1641,777,864,
nation,Northern Ireland,N92000002,29/09/2021,1648,766,882,
nation,Northern Ireland,N92000002,28/09/2021,1426,669,757,
nation,Northern Ireland,N92000002,27/09/2021,1868,748,1120,
nation,Northern Ireland,N92000002,26/09/2021,1125,521,604,
nation,Northern Ireland,N92000002,25/09/2021,1106,674,432,
nation,Northern Ireland,N92000002,24/09/2021,1145,803,342,
nation,Northern Ireland,N92000002,23/09/2021,1418,871,547,
nation,Northern Ireland,N92000002,22/09/2021,1550,744,806,
nation,Northern Ireland,N92000002,21/09/2021,1150,496,654,
nation,Northern Ireland,N92000002,20/09/2021,1353,770,583,
nation,Northern Ireland,N92000002,19/09/2021,1025,557,468,
nation,Northern Ireland,N92000002,18/09/2021,604,434,170,
nation,Northern Ireland,N92000002,17/09/2021,1206,676,530,
nation,Northern Ireland,N92000002,16/09/2021,2561,1820,741,
nation,Northern Ireland,N92000002,15/09/2021,2255,1686,569,
nation,Northern Ireland,N92000002,14/09/2021,2518,1427,1091,
nation,Northern Ireland,N92000002,13/09/2021,2579,1074,1505,
nation,Northern Ireland,N92000002,12/09/2021,1785,654,1131,
nation,Northern Ireland,N92000002,11/09/2021,2624,398,2226,
nation,Northern Ireland,N92000002,10/09/2021,4875,759,4116,
nation,Northern Ireland,N92000002,09/09/2021,4715,1175,3540,
nation,Northern Ireland,N92000002,08/09/2021,4687,1187,3500,
nation,Northern Ireland,N92000002,07/09/2021,5041,872,4169,
nation,Northern Ireland,N92000002,06/09/2021,4190,893,3297,
nation,Northern Ireland,N92000002,05/09/2021,3825,934,2891,
nation,Northern Ireland,N92000002,04/09/2021,2597,950,1647,
nation,Northern Ireland,N92000002,03/09/2021,3287,1378,1909,
nation,Northern Ireland,N92000002,02/09/2021,3301,1049,2252,
nation,Northern Ireland,N92000002,01/09/2021,3368,1608,1760,
nation,Northern Ireland,N92000002,31/08/2021,3711,1582,2129,
nation,Northern Ireland,N92000002,30/08/2021,3021,1344,1677,
nation,Northern Ireland,N92000002,29/08/2021,2096,689,1407,
nation,Northern Ireland,N92000002,28/08/2021,2339,1164,1175,
nation,Northern Ireland,N92000002,27/08/2021,3769,2153,1616,
nation,Northern Ireland,N92000002,26/08/2021,5975,3539,2436,
nation,Northern Ireland,N92000002,25/08/2021,6482,3483,2999,
nation,Northern Ireland,N92000002,24/08/2021,4387,2005,2382,
nation,Northern Ireland,N92000002,23/08/2021,3618,1893,1725,
nation,Northern Ireland,N92000002,22/08/2021,5968,3658,2310,
nation,Northern Ireland,N92000002,21/08/2021,6925,4142,2783,
nation,Northern Ireland,N92000002,20/08/2021,5754,1733,4021,
nation,Northern Ireland,N92000002,19/08/2021,5817,1861,3956,
nation,Northern Ireland,N92000002,18/08/2021,5329,1467,3862,
nation,Northern Ireland,N92000002,17/08/2021,7714,2566,5148,
nation,Northern Ireland,N92000002,16/08/2021,5313,1564,3749,
nation,Northern Ireland,N92000002,15/08/2021,5109,1603,3506,
nation,Northern Ireland,N92000002,14/08/2021,3899,1162,2737,
nation,Northern Ireland,N92000002,13/08/2021,5761,1510,4251,
nation,Northern Ireland,N92000002,12/08/2021,6883,2095,4788,
nation,Northern Ireland,N92000002,11/08/2021,6356,1687,4669,
nation,Northern Ireland,N92000002,10/08/2021,7563,2314,5249,
nation,Northern Ireland,N92000002,09/08/2021,13139,7374,5765,
nation,Northern Ireland,N92000002,08/08/2021,5946,987,4959,
nation,Northern Ireland,N92000002,07/08/2021,5782,1344,4438,
nation,Northern Ireland,N92000002,06/08/2021,12914,6431,6483,
nation,Northern Ireland,N92000002,05/08/2021,5854,1372,4482,
nation,Northern Ireland,N92000002,04/08/2021,7623,1560,6063,
nation,Northern Ireland,N92000002,03/08/2021,7832,1313,6519,
nation,Northern Ireland,N92000002,02/08/2021,8724,1041,7683,
nation,Northern Ireland,N92000002,01/08/2021,5343,657,4686,
nation,Northern Ireland,N92000002,31/07/2021,7122,3478,3644,
nation,Northern Ireland,N92000002,30/07/2021,6921,3018,3903,
nation,Northern Ireland,N92000002,29/07/2021,8946,3091,5855,
nation,Northern Ireland,N92000002,28/07/2021,15544,7683,7861,
nation,Northern Ireland,N92000002,27/07/2021,8725,2770,5955,
nation,Northern Ireland,N92000002,26/07/2021,6917,1697,5220,
nation,Northern Ireland,N92000002,25/07/2021,4289,1724,2565,
nation,Northern Ireland,N92000002,24/07/2021,3598,1417,2181,
nation,Northern Ireland,N92000002,23/07/2021,4764,1673,3091,
nation,Northern Ireland,N92000002,22/07/2021,3108,1143,1965,
nation,Northern Ireland,N92000002,21/07/2021,8545,2369,6176,
nation,Northern Ireland,N92000002,20/07/2021,8499,1664,6835,
nation,Northern Ireland,N92000002,19/07/2021,7232,1136,6096,
nation,Northern Ireland,N92000002,18/07/2021,-12187,0,3975,
nation,Northern Ireland,N92000002,17/07/2021,5572,983,4589,
nation,Northern Ireland,N92000002,16/07/2021,21651,11185,10466,
nation,Northern Ireland,N92000002,15/07/2021,7596,1300,6296,
nation,Northern Ireland,N92000002,14/07/2021,8208,1117,7091,
nation,Northern Ireland,N92000002,13/07/2021,7518,1151,6367,
nation,Northern Ireland,N92000002,12/07/2021,2370,606,1764,
nation,Northern Ireland,N92000002,11/07/2021,4741,1204,3537,
nation,Northern Ireland,N92000002,10/07/2021,7227,1713,5514,
nation,Northern Ireland,N92000002,09/07/2021,7872,1764,6108,
nation,Northern Ireland,N92000002,08/07/2021,8689,1912,6777,
nation,Northern Ireland,N92000002,07/07/2021,9788,1960,7828,
nation,Northern Ireland,N92000002,06/07/2021,9628,1985,7643,
nation,Northern Ireland,N92000002,05/07/2021,9184,1786,7398,
nation,Northern Ireland,N92000002,04/07/2021,8586,1712,6874,
nation,Northern Ireland,N92000002,03/07/2021,7568,1097,6471,
nation,Northern Ireland,N92000002,02/07/2021,8279,1817,6462,
nation,Northern Ireland,N92000002,01/07/2021,8083,1897,6186,
nation,Northern Ireland,N92000002,30/06/2021,10334,2050,8284,
nation,Northern Ireland,N92000002,29/06/2021,9533,2337,7196,
nation,Northern Ireland,N92000002,28/06/2021,8163,2431,5732,
nation,Northern Ireland,N92000002,27/06/2021,6911,2533,4378,
nation,Northern Ireland,N92000002,26/06/2021,6163,2203,3960,
nation,Northern Ireland,N92000002,25/06/2021,8070,2568,5502,
nation,Northern Ireland,N92000002,24/06/2021,8176,2518,5658,
nation,Northern Ireland,N92000002,23/06/2021,9647,3049,6598,
nation,Northern Ireland,N92000002,22/06/2021,10660,3930,6730,
nation,Northern Ireland,N92000002,21/06/2021,9158,2385,6773,
nation,Northern Ireland,N92000002,20/06/2021,10081,3060,7021,
nation,Northern Ireland,N92000002,19/06/2021,8460,2470,5990,
nation,Northern Ireland,N92000002,18/06/2021,10085,2762,7323,
nation,Northern Ireland,N92000002,17/06/2021,11378,3876,7502,
nation,Northern Ireland,N92000002,16/06/2021,11629,1993,9636,
nation,Northern Ireland,N92000002,15/06/2021,21439,10930,10509,
nation,Northern Ireland,N92000002,14/06/2021,14224,2156,12068,
nation,Northern Ireland,N92000002,13/06/2021,0,0,0,
nation,Northern Ireland,N92000002,12/06/2021,968,432,536,
nation,Northern Ireland,N92000002,11/06/2021,13810,7392,6418,
nation,Northern Ireland,N92000002,10/06/2021,11350,4138,7212,
nation,Northern Ireland,N92000002,09/06/2021,11205,3015,8190,
nation,Northern Ireland,N92000002,08/06/2021,12336,4136,8200,
nation,Northern Ireland,N92000002,07/06/2021,13464,3785,9679,
nation,Northern Ireland,N92000002,06/06/2021,10096,3557,6539,
nation,Northern Ireland,N92000002,05/06/2021,8122,3858,4264,
nation,Northern Ireland,N92000002,04/06/2021,11473,4361,7112,
nation,Northern Ireland,N92000002,03/06/2021,12950,5142,7808,
nation,Northern Ireland,N92000002,02/06/2021,21048,12225,8823,
nation,Northern Ireland,N92000002,01/06/2021,17018,8400,8618,
nation,Northern Ireland,N92000002,31/05/2021,10267,4800,5467,
nation,Northern Ireland,N92000002,30/05/2021,7536,4203,3333,
nation,Northern Ireland,N92000002,29/05/2021,6983,3450,3533,
nation,Northern Ireland,N92000002,28/05/2021,8911,2805,6106,
nation,Northern Ireland,N92000002,27/05/2021,12384,3749,8635,
nation,Northern Ireland,N92000002,26/05/2021,13045,3332,9713,
nation,Northern Ireland,N92000002,25/05/2021,13774,4368,9406,
nation,Northern Ireland,N92000002,24/05/2021,13118,4418,8700,
nation,Northern Ireland,N92000002,23/05/2021,9936,4084,5852,
nation,Northern Ireland,N92000002,22/05/2021,7802,3893,3909,
nation,Northern Ireland,N92000002,21/05/2021,11550,2212,9338,
nation,Northern Ireland,N92000002,20/05/2021,12235,3247,8988,
nation,Northern Ireland,N92000002,19/05/2021,13437,4519,8918,
nation,Northern Ireland,N92000002,18/05/2021,11084,3142,7942,
nation,Northern Ireland,N92000002,17/05/2021,11213,3323,7890,
nation,Northern Ireland,N92000002,16/05/2021,8496,1700,6796,
nation,Northern Ireland,N92000002,15/05/2021,7308,1152,6156,
nation,Northern Ireland,N92000002,14/05/2021,11003,2071,8932,
nation,Northern Ireland,N92000002,13/05/2021,14265,3113,11152,
nation,Northern Ireland,N92000002,12/05/2021,14737,3561,11176,
nation,Northern Ireland,N92000002,11/05/2021,15898,3970,11928,
nation,Northern Ireland,N92000002,10/05/2021,14990,5456,9534,
nation,Northern Ireland,N92000002,09/05/2021,9710,3985,5725,
nation,Northern Ireland,N92000002,08/05/2021,10142,4211,5931,
nation,Northern Ireland,N92000002,07/05/2021,13466,5071,8395,
nation,Northern Ireland,N92000002,06/05/2021,19991,6252,13739,
nation,Northern Ireland,N92000002,05/05/2021,19739,6285,13454,
nation,Northern Ireland,N92000002,04/05/2021,15506,6084,9422,
nation,Northern Ireland,N92000002,03/05/2021,6686,1672,5014,
nation,Northern Ireland,N92000002,02/05/2021,10237,5240,4997,
nation,Northern Ireland,N92000002,01/05/2021,9998,5356,4642,
nation,Northern Ireland,N92000002,30/04/2021,9797,5100,4697,
nation,Northern Ireland,N92000002,29/04/2021,31972,0,40235,
nation,Northern Ireland,N92000002,28/04/2021,17766,7933,9833,
nation,Northern Ireland,N92000002,27/04/2021,19430,8364,11066,
nation,Northern Ireland,N92000002,26/04/2021,16217,6848,9369,
nation,Northern Ireland,N92000002,25/04/2021,11547,6708,4839,
nation,Northern Ireland,N92000002,24/04/2021,10664,6878,3786,
nation,Northern Ireland,N92000002,23/04/2021,16114,6071,10043,
nation,Northern Ireland,N92000002,22/04/2021,25490,8974,16516,
nation,Northern Ireland,N92000002,21/04/2021,20816,7523,13293,
nation,Northern Ireland,N92000002,20/04/2021,22027,6948,15079,
nation,Northern Ireland,N92000002,19/04/2021,15489,5630,9859,
nation,Northern Ireland,N92000002,18/04/2021,8677,3399,5278,
nation,Northern Ireland,N92000002,17/04/2021,9911,4487,5424,
nation,Northern Ireland,N92000002,16/04/2021,18166,5723,12443,
nation,Northern Ireland,N92000002,15/04/2021,19012,5819,13193,
nation,Northern Ireland,N92000002,14/04/2021,19387,6235,13152,
nation,Northern Ireland,N92000002,13/04/2021,19813,6154,13659,
nation,Northern Ireland,N92000002,12/04/2021,16453,5483,10970,
nation,Northern Ireland,N92000002,11/04/2021,11270,6380,4890,
nation,Northern Ireland,N92000002,10/04/2021,11477,6564,4913,
nation,Northern Ireland,N92000002,09/04/2021,15346,7463,7883,
nation,Northern Ireland,N92000002,08/04/2021,14637,6595,8042,
nation,Northern Ireland,N92000002,07/04/2021,14399,8550,5849,
nation,Northern Ireland,N92000002,06/04/2021,7915,5366,2549,
nation,Northern Ireland,N92000002,05/04/2021,7118,5562,1556,
nation,Northern Ireland,N92000002,04/04/2021,4159,2824,1335,
nation,Northern Ireland,N92000002,03/04/2021,7089,4868,2221,
nation,Northern Ireland,N92000002,02/04/2021,14043,7235,6808,
nation,Northern Ireland,N92000002,01/04/2021,16693,8992,7701,
nation,Northern Ireland,N92000002,31/03/2021,14168,6901,7267,
nation,Northern Ireland,N92000002,30/03/2021,14847,8383,6464,
nation,Northern Ireland,N92000002,29/03/2021,17263,10258,7005,
nation,Northern Ireland,N92000002,28/03/2021,5447,3882,1565,
nation,Northern Ireland,N92000002,27/03/2021,10432,7329,3103,
nation,Northern Ireland,N92000002,26/03/2021,14299,7587,6712,
nation,Northern Ireland,N92000002,25/03/2021,17069,8339,8730,
nation,Northern Ireland,N92000002,24/03/2021,17124,8471,8653,
nation,Northern Ireland,N92000002,23/03/2021,14906,7335,7571,
nation,Northern Ireland,N92000002,22/03/2021,0,0,0,
nation,Northern Ireland,N92000002,21/03/2021,29957,19770,10187,
nation,Northern Ireland,N92000002,20/03/2021,7968,4785,3183,
nation,Northern Ireland,N92000002,19/03/2021,11996,7392,4604,
nation,Northern Ireland,N92000002,18/03/2021,12898,9391,3507,
nation,Northern Ireland,N92000002,17/03/2021,8645,5389,3256,
nation,Northern Ireland,N92000002,16/03/2021,12483,6782,5701,
nation,Northern Ireland,N92000002,15/03/2021,8167,4558,3609,
nation,Northern Ireland,N92000002,14/03/2021,6495,4266,2229,
nation,Northern Ireland,N92000002,13/03/2021,6088,3733,2355,
nation,Northern Ireland,N92000002,12/03/2021,7485,6833,652,
nation,Northern Ireland,N92000002,11/03/2021,8386,7934,452,
nation,Northern Ireland,N92000002,10/03/2021,7615,5594,2021,
nation,Northern Ireland,N92000002,09/03/2021,6907,4574,2333,
nation,Northern Ireland,N92000002,08/03/2021,9467,7724,1743,
nation,Northern Ireland,N92000002,07/03/2021,6510,5889,621,
nation,Northern Ireland,N92000002,06/03/2021,5829,5695,134,
nation,Northern Ireland,N92000002,05/03/2021,9517,9208,309,
nation,Northern Ireland,N92000002,04/03/2021,12938,11290,1648,
nation,Northern Ireland,N92000002,03/03/2021,13979,11702,2277,
nation,Northern Ireland,N92000002,02/03/2021,10122,7630,2492,
nation,Northern Ireland,N92000002,01/03/2021,14162,11989,2173,
nation,Northern Ireland,N92000002,28/02/2021,4936,4404,532,
nation,Northern Ireland,N92000002,27/02/2021,5367,5318,49,
nation,Northern Ireland,N92000002,26/02/2021,11208,10490,718,
nation,Northern Ireland,N92000002,25/02/2021,13856,13595,261,
nation,Northern Ireland,N92000002,24/02/2021,13650,13358,292,
nation,Northern Ireland,N92000002,23/02/2021,10374,10106,268,
nation,Northern Ireland,N92000002,22/02/2021,10380,10099,281,
nation,Northern Ireland,N92000002,21/02/2021,12010,12021,0,
nation,Northern Ireland,N92000002,20/02/2021,3146,3092,54,
nation,Northern Ireland,N92000002,19/02/2021,7146,6774,372,
nation,Northern Ireland,N92000002,18/02/2021,8943,8574,369,
nation,Northern Ireland,N92000002,17/02/2021,9896,9360,536,
nation,Northern Ireland,N92000002,16/02/2021,8977,8702,275,
nation,Northern Ireland,N92000002,15/02/2021,12460,12264,196,
nation,Northern Ireland,N92000002,14/02/2021,6171,6142,29,
nation,Northern Ireland,N92000002,13/02/2021,3369,3330,39,
nation,Northern Ireland,N92000002,12/02/2021,14742,14357,385,
nation,Northern Ireland,N92000002,11/02/2021,20072,19657,415,
nation,Northern Ireland,N92000002,10/02/2021,20464,20099,365,
nation,Northern Ireland,N92000002,09/02/2021,16235,16052,183,
nation,Northern Ireland,N92000002,08/02/2021,14254,14128,126,
nation,Northern Ireland,N92000002,07/02/2021,7819,7563,256,
nation,Northern Ireland,N92000002,06/02/2021,6702,6026,676,
nation,Northern Ireland,N92000002,05/02/2021,15141,14657,484,
nation,Northern Ireland,N92000002,04/02/2021,12005,11497,508,
nation,Northern Ireland,N92000002,03/02/2021,17448,17064,384,
nation,Northern Ireland,N92000002,02/02/2021,13515,13242,273,
nation,Northern Ireland,N92000002,01/02/2021,11890,11620,270,
nation,Northern Ireland,N92000002,31/01/2021,7497,7208,289,
nation,Northern Ireland,N92000002,30/01/2021,10713,10536,177,
nation,Northern Ireland,N92000002,29/01/2021,8010,7934,76,
nation,Northern Ireland,N92000002,28/01/2021,20990,20847,143,
nation,Northern Ireland,N92000002,27/01/2021,8161,7144,1017,
nation,Northern Ireland,N92000002,26/01/2021,4938,4823,115,
nation,Northern Ireland,N92000002,25/01/2021,3757,3675,82,
nation,Northern Ireland,N92000002,24/01/2021,4024,3998,26,
nation,Northern Ireland,N92000002,23/01/2021,1305,1278,27,
nation,Northern Ireland,N92000002,22/01/2021,3477,3327,150,
nation,Northern Ireland,N92000002,21/01/2021,7011,6827,184,
nation,Northern Ireland,N92000002,20/01/2021,6142,5776,366,
nation,Northern Ireland,N92000002,19/01/2021,5960,5579,381,
nation,Northern Ireland,N92000002,18/01/2021,7703,7140,563,
nation,Northern Ireland,N92000002,17/01/2021,6172,5330,842,
nation,Northern Ireland,N92000002,16/01/2021,3181,2481,700,
nation,Northern Ireland,N92000002,15/01/2021,3549,3339,210,
nation,Northern Ireland,N92000002,14/01/2021,12120,11866,254,
nation,Northern Ireland,N92000002,13/01/2021,12454,11284,1170,
nation,Northern Ireland,N92000002,12/01/2021,9782,7230,2552,
nation,Northern Ireland,N92000002,11/01/2021,7521,6182,1339,
nation,Northern Ireland,N92000002,10/01/2021,,,,
nation,Scotland,S92000003,26/11/2021,32275,835,1226,30214
nation,Scotland,S92000003,25/11/2021,35311,1101,1298,32912
nation,Scotland,S92000003,24/11/2021,35452,883,1212,33357
nation,Scotland,S92000003,23/11/2021,35306,1062,1401,32843
nation,Scotland,S92000003,22/11/2021,33671,885,1186,31600
nation,Scotland,S92000003,21/11/2021,31392,955,1179,29258
nation,Scotland,S92000003,20/11/2021,35374,1233,1355,32786
nation,Scotland,S92000003,19/11/2021,35645,1208,1499,32938
nation,Scotland,S92000003,18/11/2021,38707,1535,1602,35570
nation,Scotland,S92000003,17/11/2021,40556,1511,1784,37261
nation,Scotland,S92000003,16/11/2021,35287,1261,1392,32634
nation,Scotland,S92000003,15/11/2021,31547,1253,1305,28989
nation,Scotland,S92000003,14/11/2021,31741,2981,4142,24618
nation,Scotland,S92000003,13/11/2021,33154,703,565,31886
nation,Scotland,S92000003,12/11/2021,34144,1114,1412,31618
nation,Scotland,S92000003,11/11/2021,35427,0,922,35374
nation,Scotland,S92000003,10/11/2021,37342,1085,1965,34292
nation,Scotland,S92000003,09/11/2021,35585,867,1478,33240
nation,Scotland,S92000003,08/11/2021,32827,891,1318,30618
nation,Scotland,S92000003,07/11/2021,32282,1392,2094,28796
nation,Scotland,S92000003,06/11/2021,34010,807,719,32484
nation,Scotland,S92000003,05/11/2021,36595,1473,1879,33243
nation,Scotland,S92000003,04/11/2021,36072,1087,1413,33572
nation,Scotland,S92000003,03/11/2021,62593,0,0,66291
nation,Scotland,S92000003,02/11/2021,27922,1400,1570,24952
nation,Scotland,S92000003,01/11/2021,26437,1587,2009,22841
nation,Scotland,S92000003,31/10/2021,25678,1182,1188,23308
nation,Scotland,S92000003,30/10/2021,32585,1799,1879,28907
nation,Scotland,S92000003,29/10/2021,32412,1658,1878,28876
nation,Scotland,S92000003,28/10/2021,34561,1940,2872,29749
nation,Scotland,S92000003,27/10/2021,33806,865,1274,31667
nation,Scotland,S92000003,26/10/2021,32271,1407,2020,28844
nation,Scotland,S92000003,25/10/2021,32073,1561,1894,28618
nation,Scotland,S92000003,24/10/2021,29042,2789,3015,23238
nation,Scotland,S92000003,23/10/2021,37148,3200,1747,32201
nation,Scotland,S92000003,22/10/2021,33112,2733,2069,28310
nation,Scotland,S92000003,21/10/2021,34641,2621,2232,29788
nation,Scotland,S92000003,20/10/2021,34466,2912,2290,29264
nation,Scotland,S92000003,19/10/2021,32093,2466,2142,27485
nation,Scotland,S92000003,18/10/2021,29617,2531,1802,25284
nation,Scotland,S92000003,17/10/2021,22660,3075,2093,17492
nation,Scotland,S92000003,16/10/2021,25545,3912,1883,19750
nation,Scotland,S92000003,15/10/2021,26832,3195,2176,21461
nation,Scotland,S92000003,14/10/2021,27107,3729,2384,20994
nation,Scotland,S92000003,13/10/2021,7832,5082,2750,
nation,Scotland,S92000003,12/10/2021,6655,4371,2284,
nation,Scotland,S92000003,11/10/2021,6333,4631,1702,
nation,Scotland,S92000003,10/10/2021,10130,7359,2771,
nation,Scotland,S92000003,09/10/2021,9724,7664,2060,
nation,Scotland,S92000003,08/10/2021,7514,5117,2397,
nation,Scotland,S92000003,07/10/2021,8504,5909,2595,
nation,Scotland,S92000003,06/10/2021,8677,5897,2780,
nation,Scotland,S92000003,05/10/2021,7870,5459,2411,
nation,Scotland,S92000003,04/10/2021,8317,5779,2538,
nation,Scotland,S92000003,03/10/2021,11332,9394,1938,
nation,Scotland,S92000003,02/10/2021,11002,8822,2180,
nation,Scotland,S92000003,01/10/2021,8261,5512,2749,
nation,Scotland,S92000003,30/09/2021,7073,4511,2562,
nation,Scotland,S92000003,29/09/2021,5634,2958,2676,
nation,Scotland,S92000003,28/09/2021,4684,2169,2515,
nation,Scotland,S92000003,27/09/2021,5574,2957,2617,
nation,Scotland,S92000003,26/09/2021,7556,4785,2771,
nation,Scotland,S92000003,25/09/2021,7295,4259,3036,
nation,Scotland,S92000003,24/09/2021,8187,4295,3892,
nation,Scotland,S92000003,23/09/2021,3976,2222,1754,
nation,Scotland,S92000003,22/09/2021,5342,2821,2521,
nation,Scotland,S92000003,21/09/2021,4760,2400,2360,
nation,Scotland,S92000003,20/09/2021,5994,3222,2772,
nation,Scotland,S92000003,19/09/2021,6360,2565,3795,
nation,Scotland,S92000003,18/09/2021,8110,3313,4797,
nation,Scotland,S92000003,17/09/2021,4823,1578,3245,
nation,Scotland,S92000003,16/09/2021,4464,1423,3041,
nation,Scotland,S92000003,15/09/2021,6187,1887,4300,
nation,Scotland,S92000003,14/09/2021,4989,1943,3046,
nation,Scotland,S92000003,13/09/2021,5458,2121,3337,
nation,Scotland,S92000003,12/09/2021,9920,2167,7753,
nation,Scotland,S92000003,11/09/2021,11047,2906,8141,
nation,Scotland,S92000003,10/09/2021,9334,2381,6953,
nation,Scotland,S92000003,09/09/2021,6753,1723,5030,
nation,Scotland,S92000003,08/09/2021,10335,2765,7570,
nation,Scotland,S92000003,07/09/2021,8784,1843,6941,
nation,Scotland,S92000003,06/09/2021,8799,2735,6064,
nation,Scotland,S92000003,05/09/2021,14294,4301,9993,
nation,Scotland,S92000003,04/09/2021,13997,4815,9182,
nation,Scotland,S92000003,03/09/2021,10854,2595,8259,
nation,Scotland,S92000003,02/09/2021,13117,3039,10078,
nation,Scotland,S92000003,01/09/2021,10893,2709,8184,
nation,Scotland,S92000003,31/08/2021,12701,2396,10305,
nation,Scotland,S92000003,30/08/2021,15441,2721,12720,
nation,Scotland,S92000003,29/08/2021,15130,2376,12754,
nation,Scotland,S92000003,28/08/2021,17655,3233,14422,
nation,Scotland,S92000003,27/08/2021,13998,2615,11383,
nation,Scotland,S92000003,26/08/2021,14963,3168,11795,
nation,Scotland,S92000003,25/08/2021,17659,3401,14258,
nation,Scotland,S92000003,24/08/2021,19626,3342,16284,
nation,Scotland,S92000003,23/08/2021,17957,2854,15103,
nation,Scotland,S92000003,22/08/2021,18297,3202,15095,
nation,Scotland,S92000003,21/08/2021,19180,3941,15239,
nation,Scotland,S92000003,20/08/2021,18972,4018,14954,
nation,Scotland,S92000003,19/08/2021,16812,2731,14081,
nation,Scotland,S92000003,18/08/2021,17252,2836,14416,
nation,Scotland,S92000003,17/08/2021,20352,4283,16069,
nation,Scotland,S92000003,16/08/2021,17576,3205,14371,
nation,Scotland,S92000003,15/08/2021,21556,3640,17916,
nation,Scotland,S92000003,14/08/2021,23670,4831,18839,
nation,Scotland,S92000003,13/08/2021,24072,5061,19011,
nation,Scotland,S92000003,12/08/2021,23875,5724,18151,
nation,Scotland,S92000003,11/08/2021,23182,4806,18376,
nation,Scotland,S92000003,10/08/2021,22662,4941,17721,
nation,Scotland,S92000003,09/08/2021,18399,2652,15747,
nation,Scotland,S92000003,08/08/2021,20565,1975,18590,
nation,Scotland,S92000003,07/08/2021,20079,1938,18141,
nation,Scotland,S92000003,06/08/2021,21374,2202,19172,
nation,Scotland,S92000003,05/08/2021,19475,2209,17266,
nation,Scotland,S92000003,04/08/2021,21442,2177,19265,
nation,Scotland,S92000003,03/08/2021,20405,2114,18291,
nation,Scotland,S92000003,02/08/2021,18246,1716,16530,
nation,Scotland,S92000003,01/08/2021,18338,1436,16902,
nation,Scotland,S92000003,31/07/2021,19188,1449,17739,
nation,Scotland,S92000003,30/07/2021,19532,2034,17498,
nation,Scotland,S92000003,29/07/2021,19801,2156,17645,
nation,Scotland,S92000003,28/07/2021,21845,2518,19327,
nation,Scotland,S92000003,27/07/2021,19007,2245,16762,
nation,Scotland,S92000003,26/07/2021,18857,2031,16826,
nation,Scotland,S92000003,25/07/2021,14132,1522,12610,
nation,Scotland,S92000003,24/07/2021,17273,2222,15051,
nation,Scotland,S92000003,23/07/2021,22194,2556,19638,
nation,Scotland,S92000003,22/07/2021,18932,2400,16532,
nation,Scotland,S92000003,21/07/2021,20619,2853,17766,
nation,Scotland,S92000003,20/07/2021,18060,2641,15419,
nation,Scotland,S92000003,19/07/2021,18823,2483,16340,
nation,Scotland,S92000003,18/07/2021,18620,5928,12692,
nation,Scotland,S92000003,17/07/2021,17274,5996,11278,
nation,Scotland,S92000003,16/07/2021,21098,6524,14574,
nation,Scotland,S92000003,15/07/2021,20025,6953,13072,
nation,Scotland,S92000003,14/07/2021,20329,8103,12226,
nation,Scotland,S92000003,13/07/2021,18222,6875,11347,
nation,Scotland,S92000003,12/07/2021,17449,7163,10286,
nation,Scotland,S92000003,11/07/2021,21944,5999,15945,
nation,Scotland,S92000003,10/07/2021,24480,8264,16216,
nation,Scotland,S92000003,09/07/2021,26128,8956,17172,
nation,Scotland,S92000003,08/07/2021,28377,10325,18052,
nation,Scotland,S92000003,07/07/2021,27672,10688,16984,
nation,Scotland,S92000003,06/07/2021,28549,10718,17831,
nation,Scotland,S92000003,05/07/2021,27170,10235,16935,
nation,Scotland,S92000003,04/07/2021,23619,11639,11980,
nation,Scotland,S92000003,03/07/2021,25996,13213,12783,
nation,Scotland,S92000003,02/07/2021,24627,12601,12026,
nation,Scotland,S92000003,01/07/2021,30141,15519,14622,
nation,Scotland,S92000003,30/06/2021,27272,16784,10488,
nation,Scotland,S92000003,29/06/2021,28622,17580,11042,
nation,Scotland,S92000003,28/06/2021,25928,16508,9420,
nation,Scotland,S92000003,27/06/2021,30287,17869,12418,
nation,Scotland,S92000003,26/06/2021,29939,17409,12530,
nation,Scotland,S92000003,25/06/2021,39730,20300,19430,
nation,Scotland,S92000003,24/06/2021,30362,14498,15864,
nation,Scotland,S92000003,23/06/2021,27766,13683,14083,
nation,Scotland,S92000003,22/06/2021,31746,17049,14697,
nation,Scotland,S92000003,21/06/2021,32917,17134,15783,
nation,Scotland,S92000003,20/06/2021,32181,16848,15333,
nation,Scotland,S92000003,19/06/2021,35652,19323,16329,
nation,Scotland,S92000003,18/06/2021,39133,19628,19505,
nation,Scotland,S92000003,17/06/2021,39649,19912,19737,
nation,Scotland,S92000003,16/06/2021,42695,19987,22708,
nation,Scotland,S92000003,15/06/2021,43455,20278,23177,
nation,Scotland,S92000003,14/06/2021,37140,13793,23347,
nation,Scotland,S92000003,13/06/2021,41390,20381,21009,
nation,Scotland,S92000003,12/06/2021,43034,19909,23125,
nation,Scotland,S92000003,11/06/2021,45769,18315,27454,
nation,Scotland,S92000003,10/06/2021,47911,17846,30065,
nation,Scotland,S92000003,09/06/2021,50272,18786,31486,
nation,Scotland,S92000003,08/06/2021,50057,18565,31492,
nation,Scotland,S92000003,07/06/2021,48489,17545,30944,
nation,Scotland,S92000003,06/06/2021,44308,20542,23766,
nation,Scotland,S92000003,05/06/2021,44883,19937,24946,
nation,Scotland,S92000003,04/06/2021,51814,19837,31977,
nation,Scotland,S92000003,03/06/2021,53145,20193,32952,
nation,Scotland,S92000003,02/06/2021,50992,19551,31441,
nation,Scotland,S92000003,01/06/2021,49917,18971,30946,
nation,Scotland,S92000003,31/05/2021,47130,16152,30978,
nation,Scotland,S92000003,30/05/2021,38352,16827,21525,
nation,Scotland,S92000003,29/05/2021,42860,18541,24319,
nation,Scotland,S92000003,28/05/2021,47122,19719,27403,
nation,Scotland,S92000003,27/05/2021,49965,21244,28721,
nation,Scotland,S92000003,26/05/2021,47550,19074,28476,
nation,Scotland,S92000003,25/05/2021,49962,17367,32595,
nation,Scotland,S92000003,24/05/2021,45456,16421,29035,
nation,Scotland,S92000003,23/05/2021,36375,13126,23249,
nation,Scotland,S92000003,22/05/2021,41452,12478,28974,
nation,Scotland,S92000003,21/05/2021,45006,14090,30916,
nation,Scotland,S92000003,20/05/2021,45571,18603,26968,
nation,Scotland,S92000003,19/05/2021,49949,12265,37684,
nation,Scotland,S92000003,18/05/2021,41150,6231,34919,
nation,Scotland,S92000003,17/05/2021,40295,9362,30933,
nation,Scotland,S92000003,16/05/2021,32960,15455,17505,
nation,Scotland,S92000003,15/05/2021,38508,16996,21512,
nation,Scotland,S92000003,14/05/2021,41536,17782,23754,
nation,Scotland,S92000003,13/05/2021,41814,17388,24426,
nation,Scotland,S92000003,12/05/2021,44015,19565,24450,
nation,Scotland,S92000003,11/05/2021,39917,19641,20276,
nation,Scotland,S92000003,10/05/2021,41124,19807,21317,
nation,Scotland,S92000003,09/05/2021,28181,11181,17000,
nation,Scotland,S92000003,08/05/2021,32089,14591,17498,
nation,Scotland,S92000003,07/05/2021,33341,6751,26590,
nation,Scotland,S92000003,06/05/2021,39910,15998,23912,
nation,Scotland,S92000003,05/05/2021,40215,13801,26414,
nation,Scotland,S92000003,04/05/2021,38905,13073,25832,
nation,Scotland,S92000003,03/05/2021,30257,8806,21451,
nation,Scotland,S92000003,02/05/2021,36138,7203,28935,
nation,Scotland,S92000003,01/05/2021,40211,6409,33802,
nation,Scotland,S92000003,30/04/2021,48192,9191,39001,
nation,Scotland,S92000003,29/04/2021,45574,5342,40232,
nation,Scotland,S92000003,28/04/2021,48514,6832,41682,
nation,Scotland,S92000003,27/04/2021,48073,7816,40257,
nation,Scotland,S92000003,26/04/2021,42378,8392,33986,
nation,Scotland,S92000003,25/04/2021,28929,2611,26318,
nation,Scotland,S92000003,24/04/2021,55758,6552,49206,
nation,Scotland,S92000003,23/04/2021,50178,6226,43952,
nation,Scotland,S92000003,22/04/2021,54203,3206,50997,
nation,Scotland,S92000003,21/04/2021,53176,2600,50576,
nation,Scotland,S92000003,20/04/2021,52911,2523,50388,
nation,Scotland,S92000003,19/04/2021,42510,2358,40152,
nation,Scotland,S92000003,18/04/2021,22158,3463,18695,
nation,Scotland,S92000003,17/04/2021,33550,10844,22706,
nation,Scotland,S92000003,16/04/2021,38256,11303,26953,
nation,Scotland,S92000003,15/04/2021,40179,13393,26786,
nation,Scotland,S92000003,14/04/2021,41273,13720,27553,
nation,Scotland,S92000003,13/04/2021,41561,12265,29296,
nation,Scotland,S92000003,12/04/2021,28935,13983,14952,
nation,Scotland,S92000003,11/04/2021,32444,11145,21299,
nation,Scotland,S92000003,10/04/2021,31230,14054,17176,
nation,Scotland,S92000003,09/04/2021,44834,17947,26887,
nation,Scotland,S92000003,08/04/2021,41182,16746,24436,
nation,Scotland,S92000003,07/04/2021,36036,14899,21137,
nation,Scotland,S92000003,06/04/2021,31575,16116,15459,
nation,Scotland,S92000003,05/04/2021,19942,12536,7406,
nation,Scotland,S92000003,04/04/2021,16760,11443,5317,
nation,Scotland,S92000003,03/04/2021,34064,17948,16116,
nation,Scotland,S92000003,02/04/2021,40542,20141,20401,
nation,Scotland,S92000003,01/04/2021,37899,22421,15478,
nation,Scotland,S92000003,31/03/2021,54744,27786,26958,
nation,Scotland,S92000003,30/03/2021,51467,27998,23469,
nation,Scotland,S92000003,29/03/2021,43928,27262,16666,
nation,Scotland,S92000003,28/03/2021,38875,24123,14752,
nation,Scotland,S92000003,27/03/2021,49854,27351,22503,
nation,Scotland,S92000003,26/03/2021,50875,35975,14900,
nation,Scotland,S92000003,25/03/2021,53699,37121,16578,
nation,Scotland,S92000003,24/03/2021,50083,36099,13984,
nation,Scotland,S92000003,23/03/2021,48521,34940,13581,
nation,Scotland,S92000003,22/03/2021,42847,32272,10575,
nation,Scotland,S92000003,21/03/2021,42368,37460,4908,
nation,Scotland,S92000003,20/03/2021,43076,34160,8916,
nation,Scotland,S92000003,19/03/2021,54157,44320,9837,
nation,Scotland,S92000003,18/03/2021,52793,43458,9335,
nation,Scotland,S92000003,17/03/2021,51405,41184,10221,
nation,Scotland,S92000003,16/03/2021,49298,38311,10987,
nation,Scotland,S92000003,15/03/2021,43463,34516,8947,
nation,Scotland,S92000003,14/03/2021,22201,20294,1907,
nation,Scotland,S92000003,13/03/2021,25362,21574,3788,
nation,Scotland,S92000003,12/03/2021,29328,22487,6841,
nation,Scotland,S92000003,11/03/2021,26812,18836,7976,
nation,Scotland,S92000003,10/03/2021,25315,16642,8673,
nation,Scotland,S92000003,09/03/2021,28855,19781,9074,
nation,Scotland,S92000003,08/03/2021,19672,14718,4954,
nation,Scotland,S92000003,07/03/2021,17711,14909,2802,
nation,Scotland,S92000003,06/03/2021,17730,15881,1849,
nation,Scotland,S92000003,05/03/2021,32081,26197,5884,
nation,Scotland,S92000003,04/03/2021,37203,29064,8139,
nation,Scotland,S92000003,03/03/2021,34237,26729,7508,
nation,Scotland,S92000003,02/03/2021,35623,27518,8105,
nation,Scotland,S92000003,01/03/2021,28363,22783,5580,
nation,Scotland,S92000003,28/02/2021,20236,17883,2353,
nation,Scotland,S92000003,27/02/2021,27876,23542,4334,
nation,Scotland,S92000003,26/02/2021,34062,27224,6838,
nation,Scotland,S92000003,25/02/2021,35628,26949,8679,
nation,Scotland,S92000003,24/02/2021,34443,27903,6540,
nation,Scotland,S92000003,23/02/2021,29754,22836,6918,
nation,Scotland,S92000003,22/02/2021,25614,19753,5861,
nation,Scotland,S92000003,21/02/2021,15409,13546,1863,
nation,Scotland,S92000003,20/02/2021,21305,19299,2006,
nation,Scotland,S92000003,19/02/2021,30949,26491,4458,
nation,Scotland,S92000003,18/02/2021,36032,31186,4846,
nation,Scotland,S92000003,17/02/2021,38652,34892,3760,
nation,Scotland,S92000003,16/02/2021,35342,32070,3272,
nation,Scotland,S92000003,15/02/2021,35450,32814,2636,
nation,Scotland,S92000003,14/02/2021,31636,31416,220,
nation,Scotland,S92000003,13/02/2021,50601,50329,272,
nation,Scotland,S92000003,12/02/2021,60263,59820,443,
nation,Scotland,S92000003,11/02/2021,65249,64878,371,
nation,Scotland,S92000003,10/02/2021,63507,63178,329,
nation,Scotland,S92000003,09/02/2021,58056,57447,609,
nation,Scotland,S92000003,08/02/2021,62866,61299,1567,
nation,Scotland,S92000003,07/02/2021,27665,27557,108,
nation,Scotland,S92000003,06/02/2021,53089,52839,250,
nation,Scotland,S92000003,05/02/2021,44718,43915,803,
nation,Scotland,S92000003,04/02/2021,48663,48165,498,
nation,Scotland,S92000003,03/02/2021,45358,45085,273,
nation,Scotland,S92000003,02/02/2021,38897,38484,413,
nation,Scotland,S92000003,01/02/2021,35377,34881,496,
nation,Scotland,S92000003,31/01/2021,9683,9628,55,
nation,Scotland,S92000003,30/01/2021,23055,22899,156,
nation,Scotland,S92000003,29/01/2021,28058,27515,543,
nation,Scotland,S92000003,28/01/2021,24509,24197,312,
nation,Scotland,S92000003,27/01/2021,29753,29566,187,
nation,Scotland,S92000003,26/01/2021,24728,24192,536,
nation,Scotland,S92000003,25/01/2021,23020,22498,522,
nation,Scotland,S92000003,24/01/2021,11519,11364,155,
nation,Scotland,S92000003,23/01/2021,23566,23371,195,
nation,Scotland,S92000003,22/01/2021,22712,22213,499,
nation,Scotland,S92000003,21/01/2021,23806,23583,223,
nation,Scotland,S92000003,20/01/2021,25258,24962,296,
nation,Scotland,S92000003,19/01/2021,25611,25327,284,
nation,Scotland,S92000003,18/01/2021,19779,19591,188,
nation,Scotland,S92000003,17/01/2021,4892,4851,41,
nation,Scotland,S92000003,16/01/2021,18361,18216,145,
nation,Scotland,S92000003,15/01/2021,17265,17084,181,
nation,Scotland,S92000003,14/01/2021,16774,16633,141,
nation,Scotland,S92000003,13/01/2021,16442,16242,200,
nation,Scotland,S92000003,12/01/2021,16156,16023,133,
nation,Scotland,S92000003,11/01/2021,12664,12565,99,
nation,Scotland,S92000003,10/01/2021,,,,
nation,Wales,W92000004,26/11/2021,0,0,0,0
nation,Wales,W92000004,25/11/2021,16406,381,624,15401
nation,Wales,W92000004,24/11/2021,16202,379,863,14960
nation,Wales,W92000004,23/11/2021,16386,604,866,14916
nation,Wales,W92000004,22/11/2021,13033,358,620,12055
nation,Wales,W92000004,21/11/2021,14275,845,733,12697
nation,Wales,W92000004,20/11/2021,14815,1019,812,12984
nation,Wales,W92000004,19/11/2021,16803,481,683,15639
nation,Wales,W92000004,18/11/2021,19010,838,679,17493
nation,Wales,W92000004,17/11/2021,16019,489,598,14932
nation,Wales,W92000004,16/11/2021,18545,966,689,16890
nation,Wales,W92000004,15/11/2021,13028,888,361,11779
nation,Wales,W92000004,14/11/2021,11864,637,410,10817
nation,Wales,W92000004,13/11/2021,15693,1721,657,13315
nation,Wales,W92000004,12/11/2021,18352,780,741,16831
nation,Wales,W92000004,11/11/2021,18175,554,671,16950
nation,Wales,W92000004,10/11/2021,18549,742,721,17086
nation,Wales,W92000004,09/11/2021,17514,858,634,16022
nation,Wales,W92000004,08/11/2021,15650,918,514,14218
nation,Wales,W92000004,07/11/2021,11571,1127,514,9930
nation,Wales,W92000004,06/11/2021,15470,1703,548,13219
nation,Wales,W92000004,05/11/2021,18240,776,728,16736
nation,Wales,W92000004,04/11/2021,17834,675,655,16504
nation,Wales,W92000004,03/11/2021,16820,720,762,15338
nation,Wales,W92000004,02/11/2021,18469,1054,693,16722
nation,Wales,W92000004,01/11/2021,15336,992,610,13734
nation,Wales,W92000004,31/10/2021,9579,2661,362,6556
nation,Wales,W92000004,30/10/2021,13768,2289,493,10986
nation,Wales,W92000004,29/10/2021,16777,1781,553,14443
nation,Wales,W92000004,28/10/2021,16997,1612,531,14854
nation,Wales,W92000004,27/10/2021,16880,1699,700,14481
nation,Wales,W92000004,26/10/2021,15430,2440,677,12313
nation,Wales,W92000004,25/10/2021,26184,3266,528,22390
nation,Wales,W92000004,24/10/2021,9699,2831,322,6546
nation,Wales,W92000004,23/10/2021,15147,3921,439,10787
nation,Wales,W92000004,22/10/2021,20538,1238,717,18583
nation,Wales,W92000004,21/10/2021,1838,1142,696,
nation,Wales,W92000004,20/10/2021,2341,1282,1059,
nation,Wales,W92000004,19/10/2021,1968,1161,807,
nation,Wales,W92000004,18/10/2021,1991,1322,669,
nation,Wales,W92000004,17/10/2021,5029,4753,276,
nation,Wales,W92000004,16/10/2021,5793,5293,500,
nation,Wales,W92000004,15/10/2021,2586,1412,1174,
nation,Wales,W92000004,14/10/2021,1904,1098,806,
nation,Wales,W92000004,13/10/2021,2189,1026,1163,
nation,Wales,W92000004,12/10/2021,2570,1440,1130,
nation,Wales,W92000004,11/10/2021,1795,1077,718,
nation,Wales,W92000004,10/10/2021,6004,5556,448,
nation,Wales,W92000004,09/10/2021,5960,5238,722,
nation,Wales,W92000004,08/10/2021,1405,741,664,
nation,Wales,W92000004,07/10/2021,2013,1413,600,
nation,Wales,W92000004,06/10/2021,2938,2124,814,
nation,Wales,W92000004,05/10/2021,1056,488,568,
nation,Wales,W92000004,04/10/2021,1418,803,615,
nation,Wales,W92000004,03/10/2021,4703,3839,864,
nation,Wales,W92000004,02/10/2021,3856,3391,465,
nation,Wales,W92000004,01/10/2021,1044,393,651,
nation,Wales,W92000004,30/09/2021,1110,395,715,
nation,Wales,W92000004,29/09/2021,998,370,628,
nation,Wales,W92000004,28/09/2021,1039,449,590,
nation,Wales,W92000004,27/09/2021,1360,510,850,
nation,Wales,W92000004,26/09/2021,2552,1864,688,
nation,Wales,W92000004,25/09/2021,2357,1756,601,
nation,Wales,W92000004,24/09/2021,1611,653,958,
nation,Wales,W92000004,23/09/2021,961,402,559,
nation,Wales,W92000004,22/09/2021,1696,652,1044,
nation,Wales,W92000004,21/09/2021,1708,564,1144,
nation,Wales,W92000004,20/09/2021,2038,489,1549,
nation,Wales,W92000004,19/09/2021,810,374,436,
nation,Wales,W92000004,18/09/2021,2219,823,1396,
nation,Wales,W92000004,17/09/2021,2525,1173,1352,
nation,Wales,W92000004,16/09/2021,2084,834,1250,
nation,Wales,W92000004,15/09/2021,2034,709,1325,
nation,Wales,W92000004,14/09/2021,2634,0,6067,
nation,Wales,W92000004,13/09/2021,1726,722,1004,
nation,Wales,W92000004,12/09/2021,1239,410,829,
nation,Wales,W92000004,11/09/2021,2308,684,1624,
nation,Wales,W92000004,10/09/2021,3024,1045,1979,
nation,Wales,W92000004,09/09/2021,2410,870,1540,
nation,Wales,W92000004,08/09/2021,2112,770,1342,
nation,Wales,W92000004,07/09/2021,2777,1043,1734,
nation,Wales,W92000004,06/09/2021,1689,793,896,
nation,Wales,W92000004,05/09/2021,1712,668,1044,
nation,Wales,W92000004,04/09/2021,2699,1302,1397,
nation,Wales,W92000004,03/09/2021,3979,1679,2300,
nation,Wales,W92000004,02/09/2021,5187,2139,3048,
nation,Wales,W92000004,01/09/2021,3297,1942,1355,
nation,Wales,W92000004,31/08/2021,3268,1303,1965,
nation,Wales,W92000004,30/08/2021,162,48,114,
nation,Wales,W92000004,29/08/2021,1347,778,569,
nation,Wales,W92000004,28/08/2021,2391,883,1508,
nation,Wales,W92000004,27/08/2021,4985,1777,3208,
nation,Wales,W92000004,26/08/2021,5706,2268,3438,
nation,Wales,W92000004,25/08/2021,5770,3629,2141,
nation,Wales,W92000004,24/08/2021,6907,4118,2789,
nation,Wales,W92000004,23/08/2021,5130,3680,1450,
nation,Wales,W92000004,22/08/2021,3762,1061,2701,
nation,Wales,W92000004,21/08/2021,6557,3736,2821,
nation,Wales,W92000004,20/08/2021,6540,3596,2944,
nation,Wales,W92000004,19/08/2021,6891,3755,3136,
nation,Wales,W92000004,18/08/2021,6636,3260,3376,
nation,Wales,W92000004,17/08/2021,7247,3497,3750,
nation,Wales,W92000004,16/08/2021,4227,1955,2272,
nation,Wales,W92000004,15/08/2021,4265,1185,3080,
nation,Wales,W92000004,14/08/2021,5477,1187,4290,
nation,Wales,W92000004,13/08/2021,6076,1443,4633,
nation,Wales,W92000004,12/08/2021,5678,1483,4195,
nation,Wales,W92000004,11/08/2021,6673,1911,4762,
nation,Wales,W92000004,10/08/2021,6394,1942,4452,
nation,Wales,W92000004,09/08/2021,4521,1291,3230,
nation,Wales,W92000004,08/08/2021,5463,1274,4189,
nation,Wales,W92000004,07/08/2021,7684,1549,6135,
nation,Wales,W92000004,06/08/2021,6840,1311,5529,
nation,Wales,W92000004,05/08/2021,8454,933,7521,
nation,Wales,W92000004,04/08/2021,9577,817,8760,
nation,Wales,W92000004,03/08/2021,10336,989,9347,
nation,Wales,W92000004,02/08/2021,8435,881,7554,
nation,Wales,W92000004,01/08/2021,4634,594,4040,
nation,Wales,W92000004,31/07/2021,8813,1007,7806,
nation,Wales,W92000004,30/07/2021,7969,989,6980,
nation,Wales,W92000004,29/07/2021,12301,1355,10946,
nation,Wales,W92000004,28/07/2021,14091,1154,12937,
nation,Wales,W92000004,27/07/2021,11810,1205,10605,
nation,Wales,W92000004,26/07/2021,12037,1071,10966,
nation,Wales,W92000004,25/07/2021,9269,923,8346,
nation,Wales,W92000004,24/07/2021,9977,1208,8769,
nation,Wales,W92000004,23/07/2021,12708,857,11851,
nation,Wales,W92000004,22/07/2021,14591,1036,13555,
nation,Wales,W92000004,21/07/2021,14168,1053,13115,
nation,Wales,W92000004,20/07/2021,13935,1073,12862,
nation,Wales,W92000004,19/07/2021,9162,582,8580,
nation,Wales,W92000004,18/07/2021,7505,766,6739,
nation,Wales,W92000004,17/07/2021,13895,970,12925,
nation,Wales,W92000004,16/07/2021,14873,1535,13338,
nation,Wales,W92000004,15/07/2021,16308,935,15373,
nation,Wales,W92000004,14/07/2021,16158,1149,15009,
nation,Wales,W92000004,13/07/2021,16948,1291,15657,
nation,Wales,W92000004,12/07/2021,14836,1343,13493,
nation,Wales,W92000004,11/07/2021,8243,860,7383,
nation,Wales,W92000004,10/07/2021,16607,1636,14971,
nation,Wales,W92000004,09/07/2021,13344,1408,11936,
nation,Wales,W92000004,08/07/2021,16567,1386,15181,
nation,Wales,W92000004,07/07/2021,19930,1491,18439,
nation,Wales,W92000004,06/07/2021,20088,1584,18504,
nation,Wales,W92000004,05/07/2021,16586,1082,15504,
nation,Wales,W92000004,04/07/2021,8007,1199,6808,
nation,Wales,W92000004,03/07/2021,12781,1491,11290,
nation,Wales,W92000004,02/07/2021,17943,1228,16715,
nation,Wales,W92000004,01/07/2021,19515,1434,18081,
nation,Wales,W92000004,30/06/2021,19869,1885,17984,
nation,Wales,W92000004,29/06/2021,19664,2698,16966,
nation,Wales,W92000004,28/06/2021,17371,1825,15546,
nation,Wales,W92000004,27/06/2021,9710,944,8766,
nation,Wales,W92000004,26/06/2021,12835,2144,10691,
nation,Wales,W92000004,25/06/2021,18577,2114,16463,
nation,Wales,W92000004,24/06/2021,21740,2128,19612,
nation,Wales,W92000004,23/06/2021,22021,3402,18619,
nation,Wales,W92000004,22/06/2021,21929,3211,18718,
nation,Wales,W92000004,21/06/2021,18330,1561,16769,
nation,Wales,W92000004,20/06/2021,10079,1619,8460,
nation,Wales,W92000004,19/06/2021,21453,3055,18398,
nation,Wales,W92000004,18/06/2021,21323,4504,16819,
nation,Wales,W92000004,17/06/2021,22896,3033,19863,
nation,Wales,W92000004,16/06/2021,25081,3218,21863,
nation,Wales,W92000004,15/06/2021,25455,4178,21277,
nation,Wales,W92000004,14/06/2021,28323,2072,26251,
nation,Wales,W92000004,13/06/2021,9644,2981,6663,
nation,Wales,W92000004,12/06/2021,25552,5700,19852,
nation,Wales,W92000004,11/06/2021,27364,5685,21679,
nation,Wales,W92000004,10/06/2021,28291,6180,22111,
nation,Wales,W92000004,09/06/2021,27694,5025,22669,
nation,Wales,W92000004,08/06/2021,26126,5033,21093,
nation,Wales,W92000004,07/06/2021,23310,1972,21338,
nation,Wales,W92000004,06/06/2021,15770,3625,12145,
nation,Wales,W92000004,05/06/2021,33341,4817,28524,
nation,Wales,W92000004,04/06/2021,32729,5389,27340,
nation,Wales,W92000004,03/06/2021,31951,8596,23355,
nation,Wales,W92000004,02/06/2021,28111,8319,19792,
nation,Wales,W92000004,01/06/2021,25151,5435,19716,
nation,Wales,W92000004,31/05/2021,5630,1203,4427,
nation,Wales,W92000004,30/05/2021,6684,4644,2040,
nation,Wales,W92000004,29/05/2021,15248,6068,9180,
nation,Wales,W92000004,28/05/2021,28883,7296,21587,
nation,Wales,W92000004,27/05/2021,30712,8014,22698,
nation,Wales,W92000004,26/05/2021,28117,7402,20715,
nation,Wales,W92000004,25/05/2021,25847,7328,18519,
nation,Wales,W92000004,24/05/2021,21604,6056,15548,
nation,Wales,W92000004,23/05/2021,10415,7439,2976,
nation,Wales,W92000004,22/05/2021,26843,10788,16055,
nation,Wales,W92000004,21/05/2021,26316,11347,14969,
nation,Wales,W92000004,20/05/2021,28797,11583,17214,
nation,Wales,W92000004,19/05/2021,25491,12095,13396,
nation,Wales,W92000004,18/05/2021,21963,10106,11857,
nation,Wales,W92000004,17/05/2021,17886,8102,9784,
nation,Wales,W92000004,16/05/2021,10400,8643,1757,
nation,Wales,W92000004,15/05/2021,23035,13221,9814,
nation,Wales,W92000004,14/05/2021,29447,15156,14291,
nation,Wales,W92000004,13/05/2021,28776,14963,13813,
nation,Wales,W92000004,12/05/2021,28437,14150,14287,
nation,Wales,W92000004,11/05/2021,22015,12987,9028,
nation,Wales,W92000004,10/05/2021,21941,13680,8261,
nation,Wales,W92000004,09/05/2021,16255,12122,4133,
nation,Wales,W92000004,08/05/2021,24120,13222,10898,
nation,Wales,W92000004,07/05/2021,29767,13661,16106,
nation,Wales,W92000004,06/05/2021,27744,11626,16118,
nation,Wales,W92000004,05/05/2021,27025,11220,15805,
nation,Wales,W92000004,04/05/2021,19345,8752,10593,
nation,Wales,W92000004,03/05/2021,4258,3009,1249,
nation,Wales,W92000004,02/05/2021,8263,6704,1559,
nation,Wales,W92000004,01/05/2021,12481,7791,4690,
nation,Wales,W92000004,30/04/2021,32261,15932,16329,
nation,Wales,W92000004,29/04/2021,30570,14513,16057,
nation,Wales,W92000004,28/04/2021,33241,16023,17218,
nation,Wales,W92000004,27/04/2021,29407,15081,14326,
nation,Wales,W92000004,26/04/2021,19537,7972,11565,
nation,Wales,W92000004,25/04/2021,11275,8790,2485,
nation,Wales,W92000004,24/04/2021,27115,10479,16636,
nation,Wales,W92000004,23/04/2021,32709,15833,16876,
nation,Wales,W92000004,22/04/2021,32700,14818,17882,
nation,Wales,W92000004,21/04/2021,28225,15083,13142,
nation,Wales,W92000004,20/04/2021,24911,13280,11631,
nation,Wales,W92000004,19/04/2021,14704,6629,8075,
nation,Wales,W92000004,18/04/2021,8514,7165,1349,
nation,Wales,W92000004,17/04/2021,24644,12019,12625,
nation,Wales,W92000004,16/04/2021,30494,16251,14243,
nation,Wales,W92000004,15/04/2021,31685,16983,14702,
nation,Wales,W92000004,14/04/2021,29458,18763,10695,
nation,Wales,W92000004,13/04/2021,30341,18343,11998,
nation,Wales,W92000004,12/04/2021,24084,15088,8996,
nation,Wales,W92000004,11/04/2021,18121,15099,3022,
nation,Wales,W92000004,10/04/2021,32135,16436,15699,
nation,Wales,W92000004,09/04/2021,30354,19194,11160,
nation,Wales,W92000004,08/04/2021,30941,17362,13579,
nation,Wales,W92000004,07/04/2021,26288,17119,9169,
nation,Wales,W92000004,06/04/2021,15768,9449,6319,
nation,Wales,W92000004,05/04/2021,4388,2820,1568,
nation,Wales,W92000004,04/04/2021,8736,7171,1565,
nation,Wales,W92000004,03/04/2021,13231,10558,2673,
nation,Wales,W92000004,02/04/2021,15431,11763,3668,
nation,Wales,W92000004,01/04/2021,27234,16995,10239,
nation,Wales,W92000004,31/03/2021,28303,16702,11601,
nation,Wales,W92000004,30/03/2021,27394,13473,13921,
nation,Wales,W92000004,29/03/2021,20114,12960,7154,
nation,Wales,W92000004,28/03/2021,17366,13167,4199,
nation,Wales,W92000004,27/03/2021,34148,22228,11920,
nation,Wales,W92000004,26/03/2021,34815,23735,11080,
nation,Wales,W92000004,25/03/2021,32300,21432,10868,
nation,Wales,W92000004,24/03/2021,29206,17214,11992,
nation,Wales,W92000004,23/03/2021,28180,14724,13456,
nation,Wales,W92000004,22/03/2021,22353,15064,7289,
nation,Wales,W92000004,21/03/2021,21516,14417,7099,
nation,Wales,W92000004,20/03/2021,36368,26939,9429,
nation,Wales,W92000004,19/03/2021,38283,27729,10554,
nation,Wales,W92000004,18/03/2021,38511,23946,14565,
nation,Wales,W92000004,17/03/2021,38130,22904,15226,
nation,Wales,W92000004,16/03/2021,33587,17385,16202,
nation,Wales,W92000004,15/03/2021,25663,16935,8728,
nation,Wales,W92000004,14/03/2021,16290,9433,6857,
nation,Wales,W92000004,13/03/2021,36541,29169,7372,
nation,Wales,W92000004,12/03/2021,40211,27542,12669,
nation,Wales,W92000004,11/03/2021,38101,22646,15455,
nation,Wales,W92000004,10/03/2021,30439,14931,15508,
nation,Wales,W92000004,09/03/2021,26183,11819,14364,
nation,Wales,W92000004,08/03/2021,17386,9095,8291,
nation,Wales,W92000004,07/03/2021,10922,3237,7685,
nation,Wales,W92000004,06/03/2021,19531,11640,7891,
nation,Wales,W92000004,05/03/2021,29721,16377,13344,
nation,Wales,W92000004,04/03/2021,30876,15502,15374,
nation,Wales,W92000004,03/03/2021,24187,9523,14664,
nation,Wales,W92000004,02/03/2021,21597,8532,13065,
nation,Wales,W92000004,01/03/2021,15713,7816,7897,
nation,Wales,W92000004,28/02/2021,9465,2054,7411,
nation,Wales,W92000004,27/02/2021,14634,7279,7355,
nation,Wales,W92000004,26/02/2021,22993,14002,8991,
nation,Wales,W92000004,25/02/2021,23275,13064,10211,
nation,Wales,W92000004,24/02/2021,21336,10764,10572,
nation,Wales,W92000004,23/02/2021,18403,8853,9550,
nation,Wales,W92000004,22/02/2021,14382,7405,6977,
nation,Wales,W92000004,21/02/2021,7144,2165,4979,
nation,Wales,W92000004,20/02/2021,11950,6179,5771,
nation,Wales,W92000004,19/02/2021,21408,14839,6569,
nation,Wales,W92000004,18/02/2021,22523,16432,6091,
nation,Wales,W92000004,17/02/2021,21636,15282,6354,
nation,Wales,W92000004,16/02/2021,17161,11424,5737,
nation,Wales,W92000004,15/02/2021,12967,11118,1849,
nation,Wales,W92000004,14/02/2021,13987,13158,829,
nation,Wales,W92000004,13/02/2021,22555,22206,349,
nation,Wales,W92000004,12/02/2021,33715,33501,214,
nation,Wales,W92000004,11/02/2021,32062,31847,215,
nation,Wales,W92000004,10/02/2021,28786,28678,108,
nation,Wales,W92000004,09/02/2021,26855,26659,196,
nation,Wales,W92000004,08/02/2021,25483,24784,699,
nation,Wales,W92000004,07/02/2021,14540,14354,186,
nation,Wales,W92000004,06/02/2021,32760,32625,135,
nation,Wales,W92000004,05/02/2021,34791,33955,836,
nation,Wales,W92000004,04/02/2021,32891,32472,419,
nation,Wales,W92000004,03/02/2021,28129,28073,56,
nation,Wales,W92000004,02/02/2021,22951,22857,94,
nation,Wales,W92000004,01/02/2021,23559,23334,225,
nation,Wales,W92000004,31/01/2021,12898,12843,55,
nation,Wales,W92000004,30/01/2021,25299,25263,36,
nation,Wales,W92000004,29/01/2021,15980,15947,33,
nation,Wales,W92000004,28/01/2021,26225,26182,43,
nation,Wales,W92000004,27/01/2021,23801,23766,35,
nation,Wales,W92000004,26/01/2021,22797,22739,58,
nation,Wales,W92000004,25/01/2021,18771,18733,38,
nation,Wales,W92000004,24/01/2021,6322,6295,27,
nation,Wales,W92000004,23/01/2021,24038,23991,47,
nation,Wales,W92000004,22/01/2021,28284,28230,54,
nation,Wales,W92000004,21/01/2021,21901,21882,19,
nation,Wales,W92000004,20/01/2021,14645,14619,26,
nation,Wales,W92000004,19/01/2021,13989,13884,105,
nation,Wales,W92000004,18/01/2021,10259,10195,64,
nation,Wales,W92000004,17/01/2021,25434,25362,72,
nation,Wales,W92000004,16/01/2021,0,0,0,
nation,Wales,W92000004,15/01/2021,0,0,0,
nation,Wales,W92000004,14/01/2021,13410,13402,8,
nation,Wales,W92000004,13/01/2021,11615,11602,13,
nation,Wales,W92000004,12/01/2021,10143,10132,11,
nation,Wales,W92000004,11/01/2021,5218,5200,18,
nation,Wales,W92000004,10/01/2021,,,,
